graph,nodes,edges,avg_degree,num_components,giant_component,avg_clustering,approx_avg_path,num_communities
ER,500,3669,14.676,1,500,0.028125523489388075,2.570440881763527,60
BA,500,1494,5.976,1,500,0.05930287748106355,3.02685370741483,134
WS,500,1000,4.0,1,500,0.2773428571428571,6.1818637274549095,110
SBM,500,5691,22.764,1,500,0.07195961137052623,2.293186372745491,4
