trait,mean
E,0.4785807551686829
O,0.4810173982887441
A,0.47754397455243647
C,0.4915641177400794
N,0.5173470391604033
