trait,mean
E,0.498310866415713
O,0.4864193782403668
A,0.49510192807817094
C,0.5032024732406032
N,0.5010849369152125
