model,modularity_Q
ER,0.2010948804525715
BA,0.2594631090179549
WS,0.6282215000000001
SBM,0.43192780259755265
