trait,mean
E,0.49749184670291974
O,0.49019927069024893
A,0.49168315218249764
C,0.502470950817763
N,0.5027321270897741
