model,observed,baseline
ER,0.22840010902153174,0.23571200000000003
BA,0.18674698795180722,0.34788
WS,0.395,0.23576799999999998
SBM,0.23036373220875067,0.23204000000000002
