trait,mean
E,0.4985445679699972
O,0.49341049319375413
A,0.49441048610471444
C,0.5003773516303058
N,0.5021965326010414
