model,assortativity_r
ER,-0.0015741066227535072
BA,0.2683834820835186
WS,-0.04831838291068928
SBM,0.003965064096287801
