model,n,m,avg_degree,min_degree,max_degree,degree_variance,num_components,giant_component_size,isolated_nodes,mean_clustering,modularity,mean_closeness
ER,500,1959,7.836,1,17,7.505103999999958,1,500,0,0.013147354932649036,0.20808556000355435,0.3086476871060708
BA,500,1990,7.96,4,77,64.73440000000032,1,500,0,0.057899672256064044,0.2316749577030883,0.3442715491177967
WS,500,2000,8.0,5,10,0.708,1,500,0,0.47566349206349245,0.6901096249999996,0.225790821304656
SBM,500,5628,22.512,8,39,21.93385599999998,1,500,0,0.07053010788149443,0.42764897969286475,0.42532824588463913
